{
    "fx": 979.5806274414062,
    "fy": 979.501953125,
    "cx": 1021.7109985351562,
    "cy": 780.512451171875,
    "height": 1536,
    "width": 2048
}
